No. overall,Title,Directed by,Written by,Original air date,Prod.,U.S. viewers,season
1,"""The Pilot""[a]",James Burrows,David Crane & Marta Kauffman,"September 22, 1994",475085,21.5[13],1
2,"""The One with the Sonogram at the End""",James Burrows,David Crane & Marta Kauffman,"September 29, 1994",456652,20.2[14],1
3,"""The One with the Thumb""",James Burrows,Jeffrey Astrof & Mike Sikowitz,"October 6, 1994",456651,19.5[15],1
4,"""The One with George Stephanopoulos""",James Burrows,Alexa Junge,"October 13, 1994",456654,19.7[16],1
5,"""The One with the East German Laundry Detergent""",Pamela Fryman,Jeff Greenstein & Jeff Strauss,"October 20, 1994",456653,18.6[17],1
6,"""The One with the Butt""",Arlene Sanford,Adam Chase & Ira Ungerleider,"October 27, 1994",456655,18.2[18],1
7,"""The One with the Blackout""",James Burrows,Jeffrey Astrof & Mike Sikowitz,"November 3, 1994",456656,23.5[19],1
8,"""The One Where Nana Dies Twice""",James Burrows,Marta Kauffman & David Crane,"November 10, 1994",456657,21.1[20],1
9,"""The One Where Underdog Gets Away""",James Burrows,Jeff Greenstein & Jeff Strauss,"November 17, 1994",456659,23.1[21],1
10,"""The One with the Monkey""",Peter Bonerz,Adam Chase & Ira Ungerleider,"December 15, 1994",456661,19.9[22],1
11,"""The One with Mrs. Bing""",James Burrows,Alexa Junge,"January 5, 1995",456660,26.6[23],1
12,"""The One with The Dozen Lasagnas""",Paul Lazarus,Jeffrey Astrof & Mike Sikowitz & Adam Chase & Ira Ungerleider,"January 12, 1995",456658,24.0[24],1
13,"""The One with the Boobies""",Alan Myerson,Alexa Junge,"January 19, 1995",456664,25.8[25],1
14,"""The One with the Candy Hearts""",James Burrows,Bill Lawrence,"February 9, 1995",456667,23.8[26],1
15,"""The One with the Stoned Guy""",Alan Myerson,Jeff Greenstein & Jeff Strauss,"February 16, 1995",456663,24.8[27],1
16,"""The One with Two Parts""",Michael Lembeck,Marta Kauffman & David Crane,"February 23, 1995",456665,26.1[28],1
17,"""The One with Two Parts""",Michael Lembeck,Marta Kauffman & David Crane,"February 23, 1995",456666,30.5[28],1
18,"""The One with All the Poker""",James Burrows,Jeffrey Astrof & Mike Sikowitz,"March 2, 1995",456662,30.4[29],1
19,"""The One Where the Monkey Gets Away""",Peter Bonerz,Jeffrey Astrof & Mike Sikowitz,"March 9, 1995",456668,29.4[30],1
20,"""The One with the Evil Orthodontist""",Peter Bonerz,Doty Abrams,"April 6, 1995",456669,30.0[31],1
21,"""The One with the Fake Monica""",Gail Mancuso,Adam Chase & Ira Ungerleider,"April 27, 1995",456671,28.4[32],1
22,"""The One with the Ick Factor""",Robby Benson,Alexa Junge,"May 4, 1995",456670,29.9[33],1
23,"""The One with the Birth""",James Burrows,Story by : David Crane & Marta Kauffman,"May 11, 1995",456672,28.7[34],1
24,"""The One Where Rachel Finds Out""",Kevin S. Bright,Chris Brown,"May 18, 1995",456673,31.3[35],1
25,"""The One with Ross's New Girlfriend""",Michael Lembeck,Jeffrey Astrof & Mike Sikowitz,"September 21, 1995",457301,32.1[36],2
26,"""The One with the Breast Milk""",Michael Lembeck,Adam Chase & Ira Ungerleider,"September 28, 1995",457302,29.8[37],2
27,"""The One Where Heckles Dies""",Kevin S. Bright,Michael Curtis & Gregory S. Malins,"October 5, 1995",457303,30.2[38],2
28,"""The One with Phoebe's Husband""",Gail Mancuso,Alexa Junge,"October 12, 1995",457305,28.1[39],2
29,"""The One with Five Steaks and an Eggplant""",Ellen Gittelsohn,Chris Brown,"October 19, 1995",457304,28.3[40],2
30,"""The One with the Baby on the Bus""",Gail Mancuso,Betsy Borns,"November 2, 1995",457306,30.2[41],2
31,"""The One Where Ross Finds Out""",Peter Bonerz,Michael Borkow,"November 9, 1995",457307,30.5[42],2
32,"""The One with the List""",Mary Kay Place,David Crane & Marta Kauffman,"November 16, 1995",457308,32.9[43],2
33,"""The One with Phoebe's Dad""",Kevin S. Bright,Jeffrey Astrof & Mike Sikowitz,"December 14, 1995",457309,27.8[44],2
34,"""The One with Russ""",Thomas Schlamme,Ira Ungerleider,"January 4, 1996",457311,32.2[45],2
35,"""The One with the Lesbian Wedding""",Thomas Schlamme,Doty Abrams,"January 18, 1996",457312,31.6[46],2
36,"""The One After the Superbowl"" (Part 1)",Michael Lembeck,Jeffrey Astrof & Mike Sikowitz,"January 28, 1996",457313,52.9[47],2
37,"""The One After the Superbowl"" (Part 2)",Michael Lembeck,Michael Borkow,"January 28, 1996",457314,52.9[47],2
38,"""The One with the Prom Video""",James Burrows,Alexa Junge,"February 1, 1996",457310,33.6[49],2
39,"""The One Where Ross and Rachel...You Know""",Michael Lembeck,Michael Curtis & Gregory S. Malins,"February 8, 1996",457315,32.9[51],2
40,"""The One Where Joey Moves Out""",Michael Lembeck,Betsy Borns,"February 15, 1996",457316,31.1[53],2
41,"""The One Where Eddie Moves In""",Michael Lembeck,Adam Chase,"February 22, 1996",457317,30.2[55],2
42,"""The One Where Dr. Ramoray Dies""",Michael Lembeck,Story by : Alexa Junge,"March 21, 1996",457318,30.1[57],2
43,"""The One Where Eddie Won't Go""",Michael Lembeck,Michael Curtis & Gregory S. Malins,"March 28, 1996",457319,31.2[59],2
44,"""The One Where Old Yeller Dies""",Michael Lembeck,Story by : Michael Curtis & Gregory S. Malins,"April 4, 1996",457320,27.4[61],2
45,"""The One with the Bullies""",Michael Lembeck,Brian Buckner & Sebastian Jones,"April 25, 1996",457321,24.7[63],2
46,"""The One with the Two Parties""",Michael Lembeck,Alexa Junge,"May 2, 1996",457322,25.5[65],2
47,"""The One with the Chicken Pox""",Michael Lembeck,Brown Mandell,"May 9, 1996",457324,26.1[67],2
48,"""The One with Barry and Mindy's Wedding""",Michael Lembeck,Story by : Ira Ungerleider,"May 16, 1996",457323,29.0[69],2
49,"""The One with the Princess Leia Fantasy""",Gail Mancuso,Michael Curtis & Gregory S. Malins,"September 19, 1996",465251,26.76[71],3
50,"""The One Where No One's Ready""",Gail Mancuso,Ira Ungerleider,"September 26, 1996",465252,26.73[73],3
51,"""The One with the Jam""",Kevin S. Bright,Wil Calhoun,"October 3, 1996",465253,25.23[75],3
52,"""The One with the Metaphorical Tunnel""",Steve Zuckerman,Alexa Junge,"October 10, 1996",465254,26.10[77],3
53,"""The One with Frank Jr.""",Steve Zuckerman,Shana Goldberg-Meehan & Scott Silveri,"October 17, 1996",465255,23.25[79],3
54,"""The One with the Flashback""",Peter Bonerz,David Crane & Marta Kauffman,"October 31, 1996",465256,23.27[81],3
55,"""The One with the Race Car Bed""",Gail Mancuso,Seth Kurland,"November 7, 1996",465257,27.36[83],3
56,"""The One with the Giant Poking Device""",Gail Mancuso,Adam Chase,"November 14, 1996",465258,28.69[85],3
57,"""The One with the Football""",Kevin S. Bright,Ira Ungerleider,"November 21, 1996",465259,29.28[87],3
58,"""The One Where Rachel Quits""",Terry Hughes,Gregory S. Malins & Michael Curtis,"December 12, 1996",465260,25.10[89],3
59,"""The One Where Chandler Can't Remember Which Sister""",Terry Hughes,Alexa Junge,"January 9, 1997",465261,29.80[91],3
60,"""The One with All the Jealousy""",Robby Benson,Doty Abrams,"January 16, 1997",465262,29.61[93],3
61,"""The One Where Monica and Richard Are Just Friends""",Robby Benson,Michael Borkow,"January 30, 1997",465265,28.03[95],3
62,"""The One with Phoebe's Ex-Partner""",Robby Benson,Wil Calhoun,"February 6, 1997",465266,28.91[97],3
63,"""The One Where Ross and Rachel Take a Break""",James Burrows,Michael Borkow,"February 13, 1997",465263,27.25[99],3
64,"""The One with the Morning After""",James Burrows,David Crane & Marta Kauffman,"February 20, 1997",465264,28.26[101],3
65,"""The One Without the Ski Trip""",Sam Simon,Shana Goldberg-Meehan & Scott Silveri,"March 6, 1997",465267,25.84[103],3
66,"""The One with the Hypnosis Tape""",Robby Benson,Seth Kurland,"March 13, 1997",465269,28.07[105],3
67,"""The One with the Tiny T-Shirt""",Terry Hughes,Adam Chase,"March 27, 1997",465268,23.65[107],3
68,"""The One with the Dollhouse""",Terry Hughes,Wil Calhoun,"April 10, 1997",465270,24.36[109],3
69,"""The One with a Chick and a Duck""",Michael Lembeck,Chris Brown,"April 17, 1997",465271,23.22[111],3
70,"""The One with the Screamer""",Peter Bonerz,Shana Goldberg-Meehan & Scott Silveri,"April 24, 1997",465272,22.63[113],3
71,"""The One with Ross's Thing""",Shelley Jensen,Ted Cohen & Andrew Reich,"May 1, 1997",465274,24.17[115],3
72,"""The One with the Ultimate Fighting Champion""",Robby Benson,Story by : Pang-Ni Landrum & Mark Kunerth Teleplay by : Shana Goldberg-Meehan & Scott Silveri,"May 8, 1997",465273,23.07[117],3
73,"""The One at the Beach""",Pamela Fryman,Story by : Pang-Ni Landrum & Mark Kunerth Teleplay by : Adam Chase,"May 15, 1997",465275,23.39[119],3
74,"""The One with the Jellyfish""",Shelley Jensen,Wil Calhoun,"September 25, 1997",466601,29.43[120],4
75,"""The One with the Cat""",Shelley Jensen,Jill Condon & Amy Toomin,"October 2, 1997",466602,25.54[122],4
76,"""The One with the Cuffs""",Peter Bonerz,Seth Kurland,"October 9, 1997",466603,23.98[124],4
77,"""The One with the Ballroom Dancing""",Gail Mancuso,Ted Cohen & Andrew Reich,"October 16, 1997",466604,24.31[126],4
78,"""The One with Joey's New Girlfriend""",Gail Mancuso,Gregory S. Malins & Michael Curtis,"October 30, 1997",466605,24.35[128],4
79,"""The One with the Dirty Girl""",Shelley Jensen,Shana Goldberg-Meehan & Scott Silveri,"November 6, 1997",466606,25.68[130],4
80,"""The One Where Chandler Crosses the Line""",Kevin S. Bright,Adam Chase,"November 13, 1997",466607,26.35[132],4
81,"""The One with Chandler in a Box""",Peter Bonerz,Michael Borkow,"November 20, 1997",466608,26.76[134],4
82,"""The One Where They're Going to Party!""",Peter Bonerz,Ted Cohen & Andrew Reich,"December 11, 1997",466609,23.89[136],4
83,"""The One with the Girl from Poughkeepsie""",Gary Halvorson,Scott Silveri,"December 18, 1997",466612,23.22[137],4
84,"""The One with Phoebe's Uterus""",David Steinberg,Seth Kurland,"January 8, 1998",466610,23.66[138],4
85,"""The One with the Embryos""",Kevin S. Bright,Jill Condon & Amy Toomin,"January 15, 1998",466611,27.14[139],4
86,"""The One with Rachel's Crush""",Dana DeVally Piazza,Shana Goldberg-Meehan,"January 29, 1998",466613,25.27[140],4
87,"""The One with Joey's Dirty Day""",Peter Bonerz,Wil Calhoun,"February 5, 1998",466614,25.08[142],4
88,"""The One with All the Rugby""",James Burrows,Story by : Ted Cohen & Andrew Reich,"February 26, 1998",466617,24.44[144],4
89,"""The One with the Fake Party""",Michael Lembeck,Story by : Alicia Sky Varinaitis,"March 19, 1998",466615,23.13[146],4
90,"""The One with the Free Porn""",Michael Lembeck,Story by : Mark Kunerth,"March 26, 1998",466616,23.22[148],4
91,"""The One with Rachel's New Dress""",Gail Mancuso,Story by : Andrew Reich & Ted Cohen,"April 2, 1998",466620,21.72[150],4
92,"""The One with All the Haste""",Kevin S. Bright,Scott Silveri & Wil Calhoun,"April 9, 1998",466618,21.76[152],4
93,"""The One with All the Wedding Dresses""",Gail Mancuso,Story by : Adam Chase,"April 16, 1998",466621,21.94[154],4
94,"""The One with the Invitation""",Peter Bonerz,Seth Kurland,"April 23, 1998",466619,21.51[156],4
95,"""The One with the Worst Best Man Ever""",Peter Bonerz,Story by : Seth Kurland,"April 30, 1998",466622,23.15[158],4
96,"""The One with Ross's Wedding""",Kevin S. Bright,Michael Borkow,"May 7, 1998[b]",466623,31.61[160],4
97,"""The One with Ross's Wedding""",Kevin S. Bright,Story by : Jill Condon & Amy Toomin,"May 7, 1998[b]",466623,31.61[160],4
98,"""The One After Ross Says Rachel""",Kevin S. Bright,Seth Kurland,"September 24, 1998",467651,31.12[162],5
99,"""The One with All the Kissing""",Gary Halvorson,Wil Calhoun,"October 1, 1998",467652,25.36[164],5
100,"""The One Hundredth"" ""The One with the Triplets"" ",Kevin S. Bright,David Crane & Marta Kauffman,"October 8, 1998",467653,26.82[166],5
101,"""The One Where Phoebe Hates PBS""",Shelley Jensen,Michael Curtis,"October 15, 1998",467654,24.09[167],5
102,"""The One with the Kips""",Dana DeVally Piazza,Scott Silveri,"October 29, 1998",467655,25.87[169],5
103,"""The One with the Yeti""",Gary Halvorson,Alexa Junge,"November 5, 1998",467656,24.99[171],5
104,"""The One Where Ross Moves In""",Gary Halvorson,Gigi McCreery & Perry Rein,"November 12, 1998",467657,24.44[173],5
105,"""The One with All the Thanksgivings""",Kevin S. Bright,Gregory S. Malins,"November 19, 1998",467659,23.92[175],5
106,"""The One with Ross's Sandwich""",Gary Halvorson,Ted Cohen & Andrew Reich,"December 10, 1998",467658,23.03[177],5
107,"""The One with the Inappropriate Sister""",Dana DeVally Piazza,Shana Goldberg-Meehan,"December 17, 1998",467661,23.67[179],5
108,"""The One with All the Resolutions""",Joe Regalbuto,Story by : Brian Boyle,"January 7, 1999",467660,27.02[181],5
109,"""The One with Chandler's Work Laugh""",Kevin S. Bright,Alicia Sky Varinaitis,"January 21, 1999",467663,24.82[183],5
110,"""The One with Joey's Bag""",Gail Mancuso,Story by : Michael Curtis,"February 4, 1999",467662,24.92[185],5
111,"""The One Where Everybody Finds Out""",Michael Lembeck,Alexa Junge,"February 11, 1999",467664,27.70[187],5
112,"""The One with the Girl Who Hits Joey""",Kevin S. Bright,Adam Chase,"February 18, 1999",467665,29.31[189],5
113,"""The One with the Cop""",Andrew Tsao,Story by : Alicia Sky Varinaitis,"February 25, 1999",467666,26.02[191],5
114,"""The One with Rachel's Inadvertent Kiss""",Shelley Jensen,Andrew Reich & Ted Cohen,"March 18, 1999",467667,24.48[193],5
115,"""The One Where Rachel Smokes""",Todd Holland,Michael Curtis,"April 8, 1999",467668,21.88[195],5
116,"""The One Where Ross Can't Flirt""",Gail Mancuso,Doty Abrams,"April 22, 1999",467669,20.85[197],5
117,"""The One with the Ride-Along""",Gary Halvorson,Shana Goldberg-Meehan & Seth Kurland,"April 29, 1999",467670,19.63[199],5
118,"""The One with the Ball""",Gary Halvorson,Story by : Scott Silveri,"May 6, 1999",467671,20.92[201],5
119,"""The One with Joey's Big Break""",Gary Halvorson,Story by : Shana Goldberg-Meehan,"May 13, 1999",467672,21.28[203],5
120,"""The One in Vegas""",Kevin S. Bright,Ted Cohen & Andrew Reich,"May 20, 1999[b]",467673,25.90[205],5
121,"""The One in Vegas""",Kevin S. Bright,Gregory S. Malins & Scott Silveri,"May 20, 1999[b]",467674,25.90[205],5
122,"""The One After Vegas""",Kevin S. Bright,Adam Chase,"September 23, 1999",225551,27.74[207],6
123,"""The One Where Ross Hugs Rachel""",Gail Mancuso,Shana Goldberg-Meehan,"September 30, 1999",225552,22.95[209],6
124,"""The One with Ross's Denial""",Gary Halvorson,Seth Kurland,"October 7, 1999",225553,21.60[211],6
125,"""The One Where Joey Loses His Insurance""",Gary Halvorson,Andrew Reich & Ted Cohen,"October 14, 1999",225554,21.07[213],6
126,"""The One with Joey's Porsche""",Gary Halvorson,Perry Rein & Gigi McCreery,"October 21, 1999",225555,22.39[215],6
127,"""The One on the Last Night""",David Schwimmer,Scott Silveri,"November 4, 1999",225556,23.59[217],6
128,"""The One Where Phoebe Runs""",Gary Halvorson,Sherry Bilsing-Graham & Ellen Plummer,"November 11, 1999",225557,22.75[219],6
129,"""The One with Ross's Teeth""",Gary Halvorson,Story by : Andrew Reich & Ted Cohen,"November 18, 1999",225558,22.14[221],6
130,"""The One Where Ross Got High""",Kevin S. Bright,Gregory S. Malins,"November 25, 1999",225559,19.17[223],6
131,"""The One with the Routine""",Kevin S. Bright,Brian Boyle,"December 16, 1999",225561,22.43[225],6
132,"""The One with the Apothecary Table""",Kevin S. Bright,Story by : Zachary Rosenblatt,"January 6, 2000",225560,22.26[227],6
133,"""The One with the Joke""",Gary Halvorson,Story by : Shana Goldberg-Meehan,"January 13, 2000",225562,22.33[229],6
134,"""The One with Rachel's Sister""",Gary Halvorson,Story by : Seth Kurland,"February 3, 2000",225563,24.14[231],6
135,"""The One Where Chandler Can't Cry""",Kevin S. Bright,Andrew Reich & Ted Cohen,"February 10, 2000",225564,23.82[233],6
136,"""The One That Could Have Been""",Michael Lembeck,Gregory S. Malins & Adam Chase,"February 17, 2000[b]",225565,25.89[235],6
137,"""The One That Could Have Been""",Michael Lembeck,David Crane & Marta Kauffman,"February 17, 2000[b]",225566,25.89[235],6
138,"""The One with Unagi""",Gary Halvorson,Story by : Zachary Rosenblatt,"February 24, 2000",225568,22.21[237],6
139,"""The One Where Ross Dates a Student""",Gary Halvorson,Seth Kurland,"March 9, 2000",225567,20.52[239],6
140,"""The One with Joey's Fridge""",Ben Weiss,Story by : Seth Kurland,"March 23, 2000",225569,21.46[241],6
141,"""The One with Mac and C.H.E.E.S.E.""",Kevin S. Bright,Doty Abrams,"April 13, 2000",225575,18.81[243],6
142,"""The One Where Ross Meets Elizabeth's Dad""",Michael Lembeck,Story by : David J. Lagana,"April 27, 2000",225570,20.63[245],6
143,"""The One Where Paul's the Man""",Gary Halvorson,Story by : Brian Caldirola,"May 4, 2000",225571,20.01[247],6
144,"""The One with the Ring""",Gary Halvorson,Ted Cohen & Andrew Reich,"May 11, 2000",225572,20.87[249],6
145,"""The One with the Proposal""",Kevin S. Bright,Shana Goldberg-Meehan & Scott Silveri,"May 18, 2000[b]",225573,30.73[251],6
146,"""The One with the Proposal""",Kevin S. Bright,Andrew Reich & Ted Cohen,"May 18, 2000[b]",225574,30.73[251],6
147,"""The One with Monica's Thunder""",Kevin S. Bright,Story by : Wil Calhoun,"October 12, 2000",226401,25.54[253],7
148,"""The One with Rachel's Book""",Michael Lembeck,Andrew Reich & Ted Cohen,"October 12, 2000",226402,27.93[253],7
149,"""The One with Phoebe's Cookies""",Gary Halvorson,Sherry Bilsing & Ellen Plummer,"October 19, 2000",226405,22.72[255],7
150,"""The One with Rachel's Assistant""",David Schwimmer,Brian Boyle,"October 26, 2000",226403,22.66[257],7
151,"""The One with the Engagement Picture""",Gary Halvorson,Story by : Earl Davis,"November 2, 2000",226404,24.43[259],7
152,"""The One with the Nap Partners""",Gary Halvorson,Brian Buckner & Sebastian Jones,"November 9, 2000",226406,22.01[261],7
153,"""The One with Ross's Library Book""",David Schwimmer,Scott Silveri,"November 16, 2000",226410,23.73[263],7
154,"""The One Where Chandler Doesn't Like Dogs""",Kevin S. Bright,Patty Lin,"November 23, 2000",226407,16.57[265],7
155,"""The One with All the Candy""",David Schwimmer,Wil Calhoun,"December 7, 2000",226408,21.08[267],7
156,"""The One with the Holiday Armadillo""",Gary Halvorson,Gregory S. Malins,"December 14, 2000",226409,23.26[269],7
157,"""The One with All the Cheesecakes""",Gary Halvorson,Shana Goldberg-Meehan,"January 4, 2001",226412,24.37[271],7
158,"""The One Where They're Up All Night""",Kevin S. Bright,Zachary Rosenblatt,"January 11, 2001",226413,22.86[273],7
159,"""The One Where Rosita Dies""†",Stephen Prime,Story by : Ellen Plummer & Sherry Bilsing,"February 1, 2001",226415,22.24[275],7
160,"""The One Where They All Turn Thirty""†",Ben Weiss,Story by : Vanessa McCarthy,"February 8, 2001",226411,22.40[277],7
161,"""The One with Joey's New Brain""†",Kevin S. Bright,Story by : Sherry Bilsing & Ellen Plummer,"February 15, 2001",226416,21.75[279],7
162,"""The One with the Truth About London""†",David Schwimmer,Story by : Brian Buckner & Sebastian Jones,"February 22, 2001",226417,21.22[281],7
163,"""The One with the Cheap Wedding Dress""",Kevin S. Bright,Story by : Brian Buckner & Sebastian Jones,"March 15, 2001",226414,20.84[283],7
164,"""The One with Joey's Award""",Gary Halvorson,Story by : Sherry Bilsing & Ellen Plummer,"March 29, 2001",226418,17.81[285],7
165,"""The One with Ross and Monica's Cousin""",Gary Halvorson,Andrew Reich & Ted Cohen,"April 19, 2001",226421,16.55[287],7
166,"""The One with Rachel's Big Kiss""",Gary Halvorson,Scott Silveri & Shana Goldberg-Meehan,"April 26, 2001",226419,16.30[289],7
167,"""The One with the Vows""",Gary Halvorson,Doty Abrams,"May 3, 2001",226424,15.65[291],7
168,"""The One with Chandler's Dad""",Kevin S. Bright & Gary Halvorson,Story by : Gregory S. Malins,"May 10, 2001",226420,17.23[293],7
169,"""The One with Monica and Chandler's Wedding""",Kevin S. Bright,Gregory S. Malins,"May 17, 2001[b]",226422,30.05[295],7
170,"""The One with Monica and Chandler's Wedding""",Kevin S. Bright,Marta Kauffman & David Crane,"May 17, 2001[b]",226422,30.05[295],7
171,"""The One After 'I Do'""",Kevin S. Bright,David Crane & Marta Kauffman,"September 27, 2001",227401,31.70[297],8
172,"""The One with the Red Sweater""",David Schwimmer,Dana Klein Borkow,"October 4, 2001",227402,30.04[299],8
173,"""The One Where Rachel Tells...""",Sheldon Epps,Sherry Bilsing & Ellen Plummer,"October 11, 2001",227403,29.20[301],8
174,"""The One with the Videotape""",Kevin S. Bright,Scott Silveri,"October 18, 2001",227406,25.58[303],8
175,"""The One with Rachel's Date""",Gary Halvorson,Brian Buckner & Sebastian Jones,"October 25, 2001",227404,25.64[305],8
176,"""The One with the Halloween Party""",Gary Halvorson,Mark Kunerth,"November 1, 2001",227405,26.96[307],8
177,"""The One with the Stain""",Kevin S. Bright,R. Lee Fleming Jr.,"November 8, 2001",227407,24.24[309],8
178,"""The One with the Stripper""",David Schwimmer,Andrew Reich & Ted Cohen,"November 15, 2001",227408,26.54[311],8
179,"""The One with the Rumor""",Gary Halvorson,Shana Goldberg-Meehan,"November 22, 2001",227410,24.24[313],8
180,"""The One with Monica's Boots""",Kevin S. Bright,Story by : Robert Carlock,"December 6, 2001",227409,22.44[315],8
181,"""The One with Ross's Step Forward""",Gary Halvorson,Robert Carlock,"December 13, 2001",227411,23.85[317],8
182,"""The One Where Joey Dates Rachel""",David Schwimmer,Sherry Bilsing-Graham & Ellen Plummer,"January 10, 2002",227412,25.53[319],8
183,"""The One Where Chandler Takes a Bath""",Ben Weiss,Vanessa McCarthy,"January 17, 2002",227413,29.24[321],8
184,"""The One with the Secret Closet""",Kevin S. Bright,Brian Buckner & Sebastian Jones,"January 31, 2002",227414,28.64[323],8
185,"""The One with the Birthing Video""",Kevin S. Bright,Dana Klein Borkow,"February 7, 2002",227415,28.64[325],8
186,"""The One Where Joey Tells Rachel""",Ben Weiss,Andrew Reich & Ted Cohen,"February 28, 2002",227416,27.52[327],8
187,"""The One with the Tea Leaves""",Gary Halvorson,Story by : R. Lee Fleming Jr.,"March 7, 2002",227417,26.30[329],8
188,"""The One in Massapequa"" ""The One with the Zesty Guy""",Gary Halvorson,Story by : Peter Tibbals,"March 28, 2002",227418,22.05[331],8
189,"""The One with Joey's Interview""",Gary Halvorson,Doty Abrams,"April 4, 2002",227424,22.59[333],8
190,"""The One with the Baby Shower""",Kevin S. Bright,Sherry Bilsing-Graham & Ellen Plummer,"April 25, 2002",227421,22.24[335],8
191,"""The One with the Cooking Class""",Gary Halvorson,Story by : Dana Klein Borkow,"May 2, 2002",227419,23.97[337],8
192,"""The One Where Rachel Is Late""",Gary Halvorson,Shana Goldberg-Meehan,"May 9, 2002",227420,24.32[339],8
193,"""The One Where Rachel Has a Baby""",Kevin S. Bright,Scott Silveri,"May 16, 2002[b]",227422,34.91[341],8
194,"""The One Where Rachel Has a Baby""",Kevin S. Bright,Marta Kauffman & David Crane,"May 16, 2002[b]",227422,34.91[341],8
195,"""The One Where No One Proposes""",Kevin S. Bright,Sherry Bilsing-Graham & Ellen Plummer,"September 26, 2002",175251,34.01[343],9
196,"""The One Where Emma Cries""",Sheldon Epps,Dana Klein Borkow,"October 3, 2002",175252,28.93[345],9
197,"""The One with the Pediatrician""",Roger Christiansen,Brian Buckner & Sebastian Jones,"October 10, 2002",175254,26.63[347],9
198,"""The One with the Sharks""",Ben Weiss,Andrew Reich & Ted Cohen,"October 17, 2002",175253,25.81[349],9
199,"""The One with Phoebe's Birthday Dinner""",David Schwimmer,Scott Silveri,"October 31, 2002",175255,24.46[351],9
200,"""The One with the Male Nanny""†",Kevin S. Bright,David Crane & Marta Kauffman,"November 7, 2002",175256,27.51[353],9
201,"""The One with Ross's Inappropriate Song""",Gary Halvorson,Robert Carlock,"November 14, 2002",175257,25.35[355],9
202,"""The One with Rachel's Other Sister""",Kevin S. Bright,Shana Goldberg-Meehan,"November 21, 2002",175258,26.76[357],9
203,"""The One with Rachel's Phone Number""",Ben Weiss,Mark Kunerth,"December 5, 2002",175259,25.43[359],9
204,"""The One with Christmas in Tulsa""",Kevin S. Bright,Doty Abrams,"December 12, 2002",175260,22.29[361],9
205,"""The One Where Rachel Goes Back to Work""",Gary Halvorson,Story by : Judd Rubin,"January 9, 2003",175261,23.67[363],9
206,"""The One with Phoebe's Rats""",Ben Weiss,Story by : Dana Klein Borkow,"January 16, 2003",175262,23.66[365],9
207,"""The One Where Monica Sings""†",Gary Halvorson,Story by : Sherry Bilsing-Graham & Ellen Plummer,"January 30, 2003",175263,25.82[367],9
208,"""The One with the Blind Dates""",Gary Halvorson,Sherry Bilsing-Graham & Ellen Plummer,"February 6, 2003",175265,23.37[369],9
209,"""The One with the Mugging""",Gary Halvorson,Peter Tibbals,"February 13, 2003",175264,20.85[371],9
210,"""The One with the Boob Job""",Gary Halvorson,Mark Kunerth,"February 20, 2003",175266,19.52[373],9
211,"""The One with the Memorial Service""",Gary Halvorson,Story by : Robert Carlock,"March 13, 2003",175267,21.00[375],9
212,"""The One with the Lottery""",Gary Halvorson,Story by : Brian Buckner & Sebastian Jones,"April 3, 2003",175268,20.79[377],9
213,"""The One with Rachel's Dream""",Terry Hughes,Story by : Dana Klein Borkow,"April 17, 2003",175269,18.24[379],9
214,"""The One with the Soap Opera Party""",Sheldon Epps,Story by : Shana Goldberg-Meehan,"April 24, 2003",175270,20.71[381],9
215,"""The One with the Fertility Test""†",Gary Halvorson,Story by : Scott Silveri,"May 1, 2003",175271,19.03[383],9
216,"""The One with the Donor""",Ben Weiss,Andrew Reich & Ted Cohen,"May 8, 2003",175272,19.55[385],9
217,"""The One in Barbados""",Kevin S. Bright,Shana Goldberg-Meehan & Scott Silveri,"May 15, 2003[b]",175273,25.46[387],9
218,"""The One in Barbados""",Kevin S. Bright,Marta Kauffman & David Crane,"May 15, 2003[b]",175273,25.46[387],9
219,"""The One After Joey and Rachel Kiss""[c]",Kevin S. Bright,Andrew Reich & Ted Cohen,"September 25, 2003",176251,24.54[389],10
220,"""The One Where Ross Is Fine""",Ben Weiss,Sherry Bilsing-Graham & Ellen Plummer,"October 2, 2003",176252,22.37[391],10
221,"""The One with Ross's Tan""",Gary Halvorson,Brian Buckner,"October 9, 2003",176253,21.87[393],10
222,"""The One with the Cake""",Gary Halvorson,Robert Carlock,"October 23, 2003",176254,18.77[395],10
223,"""The One Where Rachel's Sister Babysits""[c]",Roger Christiansen,Dana Klein Borkow,"October 30, 2003",176255,19.37[397],10
224,"""The One with Ross's Grant""",Ben Weiss,Sebastian Jones,"November 6, 2003",176256,20.38[399],10
225,"""The One with the Home Study""",Kevin S. Bright,Mark Kunerth,"November 13, 2003",176257,20.21[401],10
226,"""The One with the Late Thanksgiving""",Gary Halvorson,Shana Goldberg-Meehan,"November 20, 2003",176259,20.66[403],10
227,"""The One with the Birth Mother""",David Schwimmer,Scott Silveri,"January 8, 2004",176258,25.49[405],10
228,"""The One Where Chandler Gets Caught""",Gary Halvorson,Doty Abrams,"January 15, 2004",176268,26.68[407],10
229,"""The One Where the Stripper Cries""[c]",Kevin S. Bright,David Crane & Marta Kauffman,"February 5, 2004",176260,24.91[409],10
230,"""The One with Phoebe's Wedding""[c]",Kevin S. Bright,Robert Carlock & Dana Klein Borkow,"February 12, 2004",176262,25.90[411],10
231,"""The One Where Joey Speaks French""",Gary Halvorson,Sherry Bilsing-Graham & Ellen Plummer,"February 19, 2004",176261,24.27[413],10
232,"""The One with Princess Consuela""",Gary Halvorson,Story by : Robert Carlock,"February 26, 2004",176263,22.83[415],10
233,"""The One Where Estelle Dies""",Gary Halvorson,Story by : Mark Kunerth,"April 22, 2004",176264,22.64[417],10
234,"""The One with Rachel's Going Away Party""",Gary Halvorson,Andrew Reich & Ted Cohen,"April 29, 2004",176265,24.51[419],10
235,"""The Last One""",Kevin S. Bright,Marta Kauffman & David Crane,"May 6, 2004[b]",176266,52.46[421],10
236,"""The Last One""",Kevin S. Bright,Marta Kauffman & David Crane,"May 6, 2004[b]",17626,52.46[421],10
